{
  "hash": "a28d154e",
  "configHash": "b142d42c",
  "lockfileHash": "6194c1b9",
  "browserHash": "260a4144",
  "optimized": {
    "@angular/common": {
      "src": "../../../../../../../node_modules/@angular/common/fesm2022/common.mjs",
      "file": "@angular_common.js",
      "fileHash": "a6a74530",
      "needsInterop": false
    },
    "@angular/common/http": {
      "src": "../../../../../../../node_modules/@angular/common/fesm2022/http.mjs",
      "file": "@angular_common_http.js",
      "fileHash": "4db17faa",
      "needsInterop": false
    },
    "@angular/core": {
      "src": "../../../../../../../node_modules/@angular/core/fesm2022/core.mjs",
      "file": "@angular_core.js",
      "fileHash": "2f030fc7",
      "needsInterop": false
    },
    "@angular/forms": {
      "src": "../../../../../../../node_modules/@angular/forms/fesm2022/forms.mjs",
      "file": "@angular_forms.js",
      "fileHash": "8d90d781",
      "needsInterop": false
    },
    "@angular/platform-browser": {
      "src": "../../../../../../../node_modules/@angular/platform-browser/fesm2022/platform-browser.mjs",
      "file": "@angular_platform-browser.js",
      "fileHash": "0f8aaf5b",
      "needsInterop": false
    },
    "@angular/router": {
      "src": "../../../../../../../node_modules/@angular/router/fesm2022/router.mjs",
      "file": "@angular_router.js",
      "fileHash": "e85b00af",
      "needsInterop": false
    },
    "rxjs": {
      "src": "../../../../../../../node_modules/rxjs/dist/esm5/index.js",
      "file": "rxjs.js",
      "fileHash": "1b83b2b1",
      "needsInterop": false
    },
    "rxjs/operators": {
      "src": "../../../../../../../node_modules/rxjs/dist/esm5/operators/index.js",
      "file": "rxjs_operators.js",
      "fileHash": "756b97e9",
      "needsInterop": false
    }
  },
  "chunks": {
    "chunk-FLTMV2GN": {
      "file": "chunk-FLTMV2GN.js"
    },
    "chunk-WL7I2VTQ": {
      "file": "chunk-WL7I2VTQ.js"
    },
    "chunk-U62X3W7C": {
      "file": "chunk-U62X3W7C.js"
    },
    "chunk-IP6OHN4M": {
      "file": "chunk-IP6OHN4M.js"
    },
    "chunk-BO47HE3M": {
      "file": "chunk-BO47HE3M.js"
    },
    "chunk-7AADCGDY": {
      "file": "chunk-7AADCGDY.js"
    },
    "chunk-37VSNGIT": {
      "file": "chunk-37VSNGIT.js"
    },
    "chunk-HCRA6G56": {
      "file": "chunk-HCRA6G56.js"
    }
  }
}